{"cameraMode":{"drawMode":0,"name":"Shaded","section":"Shading Mode"},"sceneLighting":true,"audioPlay":false,"sceneViewState":{"showFog":true,"showMaterialUpdate":false,"showSkybox":true,"showFlares":true,"showImageEffects":true,"showParticleSystems":true},"in2DMode":false,"pivot":{"x":3.0087389945983888,"y":8.256637573242188,"z":13.68552017211914},"rotation":{"x":-0.19656170904636384,"y":0.17165647447109223,"z":-0.034978076815605167,"w":-0.9647149443626404},"size":2.038283348083496,"orthographic":false}