{"cameraMode":{"drawMode":0,"name":"Shaded","section":"Shading Mode"},"sceneLighting":true,"audioPlay":false,"sceneViewState":{"showFog":true,"showMaterialUpdate":false,"showSkybox":true,"showFlares":true,"showImageEffects":true,"showParticleSystems":true},"in2DMode":false,"pivot":{"x":5.010426998138428,"y":8.422407150268555,"z":9.572553634643555},"rotation":{"x":-0.1446940302848816,"y":0.45193955302238467,"z":-0.07455717027187348,"w":-0.8770768642425537},"size":4.0601019859313969,"orthographic":true}